Entry no.,PDB ID,CATH ID,Superfamily ID
1,11ba,11baA00,3.10.130.10
2,11ba,11baB00,3.10.130.10
3,11bg,11bgA00,3.10.130.10
4,11bg,11bgB00,3.10.130.10
5,1a2w,1a2wA00,3.10.130.10
6,1a2w,1a2wB00,3.10.130.10
7,1a64,1a64A00,2.60.40.10
8,1a64,1a64B00,2.60.40.10
9,1aoj,1aojA00,2.30.30.40
10,1aoj,1aojB00,2.30.30.40
11,1bh5,1bh5A00,3.10.180.10
12,1bh5,1bh5B00,3.10.180.10
13,1bh5,1bh5C00,3.10.180.10
14,1bh5,1bh5D00,3.10.180.10
15,1bj3,1bj3A00,3.10.100.10
16,1bj3,1bj3B00,3.10.100.10
17,1bl9,1bl9A01,1.10.760.10
18,1bl9,1bl9A02,2.140.10.20
19,1bl9,1bl9B01,1.10.760.10
20,1bl9,1bl9B02,2.140.10.20
21,1blb,1blbA01,2.60.20.10
22,1blb,1blbA02,2.60.20.10
23,1blb,1blbB01,2.60.20.10
24,1blb,1blbB02,2.60.20.10
25,1blb,1blbC01,2.60.20.10
26,1blb,1blbC02,2.60.20.10
27,1blb,1blbD01,2.60.20.10
28,1blb,1blbD02,2.60.20.10
29,1bsr,1bsrA00,3.10.130.10
30,1bsr,1bsrB00,3.10.130.10
31,1buo,1buoA00,3.30.710.10
32,1byl,1bylA00,3.10.180.10
33,1cdc,1cdcA00,2.60.40.10
34,1cdc,1cdcB00,2.60.40.10
35,1cks,1cksA00,3.30.170.10
36,1cks,1cksB00,3.30.170.10
37,1cks,1cksC00,3.30.170.10
38,1cqz,1cqzA01,3.40.50.1000
39,1cqz,1cqzA02,3.40.50.1820
40,1cqz,1cqzB01,3.40.50.1000
41,1cqz,1cqzB02,1.10.150.240
42,1cqz,1cqzB03,3.40.50.1820
43,1cr6,1cr6A01,3.40.50.1000
44,1cr6,1cr6A02,3.40.50.1820
45,1cr6,1cr6B01,3.40.50.1000
46,1cr6,1cr6B02,1.10.150.240
47,1cr6,1cr6B03,3.40.50.1820
48,1cts,1ctsA01,1.10.580.10
49,1cts,1ctsA02,1.10.230.10
50,1ddt,1ddtA01,3.90.175.10
51,1ddt,1ddtA02,1.10.490.40
52,1ddt,1ddtA03,2.60.40.700
53,1dud,1dudA00,2.70.40.10
54,1dww,1dwwA01,3.90.340.10
55,1dww,1dwwA02,3.90.440.10
56,1dww,1dwwA03,3.90.1230.10
57,1dww,1dwwB01,3.90.340.10
58,1dww,1dwwB02,3.90.440.10
59,1dww,1dwwB03,3.90.1230.10
60,1dxx,1dxxA01,1.10.418.10
61,1dxx,1dxxA02,1.10.418.10
62,1dxx,1dxxB01,1.10.418.10
63,1dxx,1dxxB02,1.10.418.10
64,1dxx,1dxxC01,1.10.418.10
65,1dxx,1dxxC02,1.10.418.10
66,1dxx,1dxxD01,1.10.418.10
67,1dxx,1dxxD02,1.10.418.10
68,1dz3,1dz3A00,3.40.50.2300
69,1e0j,1e0jA00,3.40.50.300
70,1e0j,1e0jB00,3.40.50.300
71,1e0j,1e0jC00,3.40.50.300
72,1e0j,1e0jD00,3.40.50.300
73,1e0j,1e0jE00,3.40.50.300
74,1e0j,1e0jF00,3.40.50.300
75,1e7d,1e7dA01,3.40.1800.10
76,1e7d,1e7dA02,1.10.720.10
77,1e7d,1e7dB01,3.40.1800.10
78,1e7d,1e7dB02,1.10.720.10
79,1e7l,1e7lA01,3.40.1800.10
80,1e7l,1e7lA02,1.10.720.10
81,1e7l,1e7lB01,3.40.1800.10
82,1e7l,1e7lB02,1.10.720.10
83,1egg,1eggA00,3.10.100.10
84,1egg,1eggB00,3.10.100.10
85,1egi,1egiA00,3.10.100.10
86,1egi,1egiB00,3.10.100.10
87,1ek1,1ek1A01,3.40.50.1000
88,1ek1,1ek1A02,3.40.50.1820
89,1ek1,1ek1B01,3.40.50.1000
90,1ek1,1ek1B02,1.10.150.240
91,1ek1,1ek1B03,3.40.50.1820
92,1ek2,1ek2A01,3.40.50.1000
93,1ek2,1ek2A02,3.40.50.1820
94,1ek2,1ek2B01,3.40.50.1000
95,1ek2,1ek2B02,1.10.150.240
96,1ek2,1ek2B03,3.40.50.1820
97,1en7,1en7A01,3.40.1800.10
98,1en7,1en7A02,1.10.720.10
99,1en7,1en7B01,3.40.1800.10
100,1en7,1en7B02,1.10.720.10
101,1f0v,1f0vA00,3.10.130.10
102,1f0v,1f0vB00,3.10.130.10
103,1f0v,1f0vC00,3.10.130.10
104,1f0v,1f0vD00,3.10.130.10
105,1f2n,1f2nA00,2.60.120.20
106,1f2n,1f2nB00,2.60.120.20
107,1f2n,1f2nC00,2.60.120.20
108,1f61,1f61A00,3.20.20.60
109,1f61,1f61B00,3.20.20.60
110,1f8i,1f8iA00,3.20.20.60
111,1f8i,1f8iB00,3.20.20.60
112,1f8i,1f8iC00,3.20.20.60
113,1f8i,1f8iD00,3.20.20.60
114,1f8m,1f8mA00,3.20.20.60
115,1f8m,1f8mB00,3.20.20.60
116,1f8m,1f8mC00,3.20.20.60
117,1f8m,1f8mD00,3.20.20.60
118,1flo,1floA01,3.30.300.80
119,1flo,1floA02,1.10.443.10
120,1flo,1floB01,3.30.300.80
121,1flo,1floB02,1.10.443.10
122,1flo,1floC01,3.30.300.80
123,1flo,1floC02,1.10.443.10
124,1flo,1floD01,3.30.300.80
125,1flo,1floD02,1.10.443.10
126,1fro,1froA00,3.10.180.10
127,1fro,1froB00,3.10.180.10
128,1fro,1froC00,3.10.180.10
129,1fro,1froD00,3.10.180.10
130,1fyr,1fyrA00,3.30.505.10
131,1fyr,1fyrB00,3.30.505.10
132,1fyr,1fyrC00,3.30.505.10
133,1fyr,1fyrD00,3.30.505.10
134,1fzr,1fzrA00,3.40.91.30
135,1fzr,1fzrB00,3.40.91.30
136,1fzr,1fzrC00,3.40.91.30
137,1fzr,1fzrD00,3.40.91.30
138,1g5c,1g5cA00,3.40.1050.10
139,1g5c,1g5cB00,3.40.1050.10
140,1g5c,1g5cC00,3.40.1050.10
141,1g5c,1g5cD00,3.40.1050.10
142,1g5c,1g5cE00,3.40.1050.10
143,1g5c,1g5cF00,3.40.1050.10
144,1g85,1g85A00,2.40.128.20
145,1g85,1g85B00,2.40.128.20
146,1g96,1g96A00,3.10.450.10
147,1gme,1gmeA00,2.60.40.790
148,1gme,1gmeB00,2.60.40.790
149,1gme,1gmeC00,2.60.40.790
150,1gme,1gmeD00,2.60.40.790
151,1gp9,1gp9A01,3.50.4.10
152,1gp9,1gp9A02,2.40.20.10
153,1gp9,1gp9B01,3.50.4.10
154,1gp9,1gp9B02,2.40.20.10
155,1gp9,1gp9C01,3.50.4.10
156,1gp9,1gp9C02,2.40.20.10
157,1gp9,1gp9D01,3.50.4.10
158,1gp9,1gp9D02,2.40.20.10
159,1gt1,1gt1A00,2.40.128.20
160,1gt1,1gt1B00,2.40.128.20
161,1gt3,1gt3A00,2.40.128.20
162,1gt3,1gt3B00,2.40.128.20
163,1gt4,1gt4A00,2.40.128.20
164,1gt4,1gt4B00,2.40.128.20
165,1gt5,1gt5A00,2.40.128.20
166,1gt5,1gt5B00,2.40.128.20
167,1h8x,1h8xA00,3.10.130.10
168,1h8x,1h8xB00,3.10.130.10
169,1he7,1he7A00,2.60.40.10
170,1ht9,1ht9A00,1.10.238.10
171,1ht9,1ht9B00,1.10.238.10
172,1hul,1hulA00,1.20.1250.10
173,1hul,1hulB00,1.20.1250.10
174,1hw7,1hw7A01,3.55.30.10
175,1hw7,1hw7A02,1.10.287.480
176,1i1d,1i1dA00,3.40.630.30
177,1i1d,1i1dB00,3.40.630.30
178,1i1d,1i1dC00,3.40.630.30
179,1i1d,1i1dD00,3.40.630.30
180,1i21,1i21A00,3.40.630.30
181,1i21,1i21B00,3.40.630.30
182,1i21,1i21M00,3.40.630.30
183,1i21,1i21N00,3.40.630.30
184,1i21,1i21X00,3.40.630.30
185,1i21,1i21Y00,3.40.630.30
186,1i4m,1i4mA00,1.10.790.10
187,1iip,1iipA01,2.40.100.10
188,1iip,1iipA02,1.10.150.160
189,1ilk,1ilkA00,1.20.1250.10
190,1iod,1iodA00,3.10.100.10
191,1iod,1iodB00,3.10.100.10
192,1ixx,1ixxA00,3.10.100.10
193,1ixx,1ixxB00,3.10.100.10
194,1ixx,1ixxC00,3.10.100.10
195,1ixx,1ixxD00,3.10.100.10
196,1ixx,1ixxE00,3.10.100.10
197,1ixx,1ixxF00,3.10.100.10
198,1j30,1j30A00,1.20.1260.10
199,1j30,1j30B00,1.20.1260.10
200,1j4v,1j4vA00,2.30.60.10
201,1j4v,1j4vB00,2.30.60.10
202,1jml,1jmlA00,3.10.20.10
203,1js0,1js0A00,3.10.130.10
204,1js0,1js0B00,3.10.130.10
205,1js0,1js0C00,3.10.130.10
206,1jwi,1jwiA00,3.10.100.10
207,1jwi,1jwiB00,3.10.100.10
208,1jyu,1jyuA00,3.30.505.10
209,1k04,1k04A01,1.20.5.540
210,1k04,1k04A02,1.20.120.330
211,1k46,1k46A00,3.30.1570.10
212,1k4z,1k4zA00,2.160.20.70
213,1k4z,1k4zB00,2.160.20.70
214,1k50,1k50A00,3.10.20.10
215,1k50,1k50B00,3.10.20.10
216,1k50,1k50C00,3.10.20.10
217,1k50,1k50D00,3.10.20.10
218,1k51,1k51A00,3.10.20.10
219,1k6w,1k6wA01,2.30.40.10
220,1k6w,1k6wA02,3.20.20.140
221,1k70,1k70A01,2.30.40.10
222,1k70,1k70A02,3.20.20.140
223,1k75,1k75A01,3.40.50.1980
224,1k75,1k75A02,1.20.5.1300
225,1k75,1k75A03,3.40.50.1980
226,1k75,1k75B01,3.40.50.1980
227,1k75,1k75B02,3.40.50.1980
228,1k75,1k75B03,1.20.5.1300
229,1k9u,1k9uA00,1.10.238.10
230,1k9u,1k9uB00,1.10.238.10
231,1kae,1kaeA01,3.40.50.1980
232,1kae,1kaeA02,3.40.50.1980
233,1kae,1kaeA03,1.20.5.1300
234,1kae,1kaeB01,3.40.50.1980
235,1kae,1kaeB02,3.40.50.1980
236,1kae,1kaeB03,1.20.5.1300
237,1kah,1kahA01,3.40.50.1980
238,1kah,1kahA02,3.40.50.1980
239,1kah,1kahA03,1.20.5.1300
240,1kah,1kahB01,3.40.50.1980
241,1kah,1kahB02,3.40.50.1980
242,1kah,1kahB03,1.20.5.1300
243,1kar,1karA01,3.40.50.1980
244,1kar,1karA02,3.40.50.1980
245,1kar,1karA03,1.20.5.1300
246,1kar,1karB01,3.40.50.1980
247,1kar,1karB02,3.40.50.1980
248,1kar,1karB03,1.20.5.1300
249,1kll,1kllA00,3.10.180.10
250,1l5b,1l5bA00,2.30.60.10
251,1l5b,1l5bB00,2.30.60.10
252,1l5e,1l5eA00,2.30.60.10
253,1l5e,1l5eB00,2.30.60.10
254,1l5x,1l5xA00,3.40.1210.10
255,1l5x,1l5xB00,3.40.1210.10
256,1l6w,1l6wA00,3.20.20.70
257,1l6w,1l6wB00,3.20.20.70
258,1l6w,1l6wC00,3.20.20.70
259,1l6w,1l6wD00,3.20.20.70
260,1l6w,1l6wE00,3.20.20.70
261,1l6w,1l6wF00,3.20.20.70
262,1l6w,1l6wG00,3.20.20.70
263,1l6w,1l6wH00,3.20.20.70
264,1l6w,1l6wI00,3.20.20.70
265,1l6w,1l6wJ00,3.20.20.70
266,1lgp,1lgpA00,2.60.200.20
267,1lgq,1lgqA00,2.60.200.20
268,1lgq,1lgqB00,2.60.200.20
269,1lom,1lomA00,2.30.60.10
270,1lss,1lssA00,3.40.50.720
271,1lss,1lssB00,3.40.50.720
272,1lss,1lssC00,3.40.50.720
273,1lss,1lssD00,3.40.50.720
274,1lsu,1lsuA00,3.40.50.720
275,1lsu,1lsuB00,3.40.50.720
276,1lxe,1lxeA00,3.10.450.10
277,1m0d,1m0dA00,3.40.91.30
278,1m0d,1m0dB00,3.40.91.30
279,1m0d,1m0dC00,3.40.91.30
280,1m0d,1m0dD00,3.40.91.30
281,1m0i,1m0iA00,3.40.91.30
282,1m0i,1m0iB00,3.40.91.30
283,1m0i,1m0iC00,3.40.91.30
284,1m0i,1m0iD00,3.40.91.30
285,1m3d,1m3dA00,2.170.240.10
286,1m3d,1m3dB00,2.170.240.10
287,1m3d,1m3dC00,2.170.240.10
288,1m3d,1m3dD00,2.170.240.10
289,1m3d,1m3dE00,2.170.240.10
290,1m3d,1m3dF00,2.170.240.10
291,1m3d,1m3dG00,2.170.240.10
292,1m3d,1m3dH00,2.170.240.10
293,1m3d,1m3dI00,2.170.240.10
294,1m3d,1m3dJ00,2.170.240.10
295,1m3d,1m3dK00,2.170.240.10
296,1m3d,1m3dL00,2.170.240.10
297,1mfz,1mfzA01,3.40.50.720
298,1mfz,1mfzA02,1.20.5.170
299,1mfz,1mfzA03,3.40.50.720
300,1mfz,1mfzB01,3.40.50.720
301,1mfz,1mfzB02,1.20.5.170
302,1mfz,1mfzB03,3.40.50.720
303,1mfz,1mfzC01,3.40.50.720
304,1mfz,1mfzC02,1.20.5.170
305,1mfz,1mfzC03,3.40.50.720
306,1mfz,1mfzD01,3.40.50.720
307,1mfz,1mfzD02,1.20.5.170
308,1mfz,1mfzD03,3.40.50.720
309,1mi7,1mi7R00,1.10.1270.10
310,1mn3,1mn3A00,1.10.8.10
311,1mo1,1mo1A00,3.30.1340.10
312,1mo1,1mo1B00,3.30.1340.10
313,1mo1,1mo1C00,3.30.1340.10
314,1mo1,1mo1D00,3.30.1340.10
315,1mu4,1mu4A00,3.30.1340.10
316,1mu4,1mu4B00,3.30.1340.10
317,1muu,1muuA01,3.40.50.720
318,1muu,1muuA02,1.20.5.170
319,1muu,1muuA03,3.40.50.720
320,1muu,1muuB01,3.40.50.720
321,1muu,1muuB02,1.20.5.170
322,1muu,1muuB03,3.40.50.720
323,1muu,1muuC01,3.40.50.720
324,1muu,1muuC02,1.20.5.170
325,1muu,1muuC03,3.40.50.720
326,1muu,1muuD01,3.40.50.720
327,1muu,1muuD02,1.20.5.170
328,1muu,1muuD03,3.40.50.720
329,1mv8,1mv8A01,3.40.50.720
330,1mv8,1mv8A02,1.20.5.170
331,1mv8,1mv8A03,3.40.50.720
332,1mv8,1mv8B01,3.40.50.720
333,1mv8,1mv8B02,1.20.5.170
334,1mv8,1mv8B03,3.40.50.720
335,1mv8,1mv8C01,3.40.50.720
336,1mv8,1mv8C02,1.20.5.170
337,1mv8,1mv8C03,3.40.50.720
338,1mv8,1mv8D01,3.40.50.720
339,1mv8,1mv8D02,1.20.5.170
340,1mv8,1mv8D03,3.40.50.720
341,1n1c,1n1cA01,1.20.120.1820
342,1n1c,1n1cA02,1.20.1280.20
343,1n1c,1n1cB01,1.20.120.1820
344,1n1c,1n1cB02,1.20.1280.20
345,1n9j,1n9jA00,3.10.450.10
346,1n9j,1n9jB00,3.10.450.10
347,1nir,1nirA01,1.10.760.10
348,1nir,1nirA02,2.140.10.20
349,1nir,1nirB01,1.10.760.10
350,1nir,1nirB02,2.140.10.20
351,1nno,1nnoA01,1.10.760.10
352,1nno,1nnoA02,2.140.10.20
353,1nno,1nnoB01,1.10.760.10
354,1nno,1nnoB02,2.140.10.20
355,1nnq,1nnqA01,1.20.1260.10
356,1nnq,1nnqA02,2.20.28.10
357,1nnq,1nnqB01,1.20.1260.10
358,1nnq,1nnqB02,2.20.28.10
359,1npb,1npbA00,3.10.180.10
360,1npb,1npbB00,3.10.180.10
361,1npb,1npbC00,3.10.180.10
362,1npb,1npbD00,3.10.180.10
363,1npb,1npbE00,3.10.180.10
364,1npb,1npbF00,3.10.180.10
365,1npr,1nprA01,3.30.70.940
366,1npr,1nprA02,2.60.320.10
367,1npr,1nprA03,2.30.30.30
368,1o4w,1o4wA00,3.40.50.1010
369,1o5o,1o5oA00,3.40.50.2020
370,1o5o,1o5oB00,3.40.50.2020
371,1o5o,1o5oC00,3.40.50.2020
372,1o5o,1o5oD00,3.40.50.2020
373,1o5q,1o5qA00,3.20.20.60
374,1o5q,1o5qB00,3.20.20.60
375,1o5q,1o5qC00,3.20.20.60
376,1o5q,1o5qD00,3.20.20.60
377,1obp,1obpA00,2.40.128.20
378,1obp,1obpB00,2.40.128.20
379,1oqf,1oqfA00,3.20.20.60
380,1oqf,1oqfB00,3.20.20.60
381,1osy,1osyA00,2.60.40.1790
382,1osy,1osyB00,2.60.40.1790
383,1ow6,1ow6A01,1.20.5.540
384,1ow6,1ow6A02,1.20.120.330
385,1ow6,1ow6B01,1.20.5.540
386,1ow6,1ow6B02,1.20.120.330
387,1ow6,1ow6C01,1.20.5.540
388,1ow6,1ow6C02,1.20.120.330
389,1oy0,1oy0A00,3.20.20.60
390,1oy0,1oy0B00,3.20.20.60
391,1oy0,1oy0C00,3.20.20.60
392,1oy0,1oy0D00,3.20.20.60
393,1oy0,1oy0E00,3.20.20.60
394,1p3q,1p3qQ00,1.10.8.10
395,1p3q,1p3qU00,3.10.20.90
396,1p3q,1p3qV00,3.10.20.90
397,1p93,1p93A00,1.10.565.10
398,1p93,1p93B00,1.10.565.10
399,1p93,1p93C00,1.10.565.10
400,1p93,1p93D00,1.10.565.10
401,1puc,1pucA00,3.30.170.10
402,1pwk,1pwkA00,3.30.740.10
403,1pym,1pymA00,3.20.20.60
404,1pym,1pymB00,3.20.20.60
405,1q10,1q10A00,3.10.20.10
406,1q10,1q10B00,3.10.20.10
407,1q8m,1q8mA00,2.60.40.10
408,1q8m,1q8mB00,2.60.40.10
409,1q8m,1q8mC00,2.60.40.10
410,1q8m,1q8mD00,2.60.40.10
411,1qb3,1qb3A00,3.30.170.10
412,1qb3,1qb3B00,3.30.170.10
413,1qb3,1qb3C00,3.30.170.10
414,1qom,1qomA01,3.90.340.10
415,1qom,1qomA02,3.90.440.10
416,1qom,1qomA03,3.90.1230.10
417,1qom,1qomB01,3.90.340.10
418,1qom,1qomB02,3.90.440.10
419,1qom,1qomB03,3.90.1230.10
420,1qq2,1qq2A00,3.40.30.10
421,1qq2,1qq2B00,3.40.30.10
422,1qwi,1qwiA00,3.30.300.20
423,1qwi,1qwiB00,3.30.300.20
424,1qwi,1qwiC00,3.30.300.20
425,1qwi,1qwiD00,3.30.300.20
426,1qx5,1qx5B00,1.10.238.10
427,1qx5,1qx5D00,1.10.238.10
428,1qx5,1qx5I00,1.10.238.10
429,1qx5,1qx5J00,1.10.238.10
430,1qx5,1qx5K01,1.10.238.10
431,1qx5,1qx5K02,1.10.238.10
432,1qx5,1qx5R00,1.10.238.10
433,1qx5,1qx5T00,1.10.238.10
434,1qx5,1qx5Y00,1.10.238.10
435,1qx7,1qx7A01,1.10.238.10
436,1qx7,1qx7A02,1.10.238.10
437,1qx7,1qx7B00,1.10.238.10
438,1qx7,1qx7I01,1.10.238.10
439,1qx7,1qx7I02,1.10.238.10
440,1qx7,1qx7M01,1.10.238.10
441,1qx7,1qx7R01,1.10.238.10
442,1qx7,1qx7R02,1.10.238.10
443,1r4c,1r4cA00,3.10.450.10
444,1r4c,1r4cB00,3.10.450.10
445,1r4c,1r4cC00,3.10.450.10
446,1r4c,1r4cD00,3.10.450.10
447,1r4c,1r4cE00,3.10.450.10
448,1r4c,1r4cF00,3.10.450.10
449,1r4c,1r4cG00,3.10.450.10
450,1r4c,1r4cH00,3.10.450.10
451,1r5c,1r5cA00,3.10.130.10
452,1r5c,1r5cB00,3.10.130.10
453,1r5d,1r5dA00,3.10.130.10
454,1r5d,1r5dB00,3.10.130.10
455,1r7h,1r7hA00,3.40.30.10
456,1r7h,1r7hB00,3.40.30.10
457,1r8j,1r8jA01,3.40.50.2300
458,1r8j,1r8jA02,1.10.1240.30
459,1r8j,1r8jB01,3.40.50.2300
460,1r8j,1r8jB02,1.10.1240.30
461,1r9x,1r9xA01,2.30.40.10
462,1r9x,1r9xA02,3.20.20.140
463,1r9y,1r9yA01,2.30.40.10
464,1r9y,1r9yA02,3.20.20.140
465,1r9z,1r9zA01,2.30.40.10
466,1r9z,1r9zA02,3.20.20.140
467,1s8o,1s8oA01,3.40.50.1000
468,1s8o,1s8oA02,1.10.150.240
469,1s8o,1s8oA03,3.40.50.1820
470,1sb2,1sb2A00,3.10.100.10
471,1sb2,1sb2B00,3.10.100.10
472,1sce,1sceA00,3.30.170.10
473,1sce,1sceB00,3.30.170.10
474,1sce,1sceC00,3.30.170.10
475,1sce,1sceD00,3.30.170.10
476,1sgk,1sgkA01,3.90.175.10
477,1sgk,1sgkA02,1.10.490.40
478,1sgk,1sgkA03,2.60.40.700
479,1snd,1sndA00,2.40.50.90
480,1snd,1sndB00,2.40.50.90
481,1sr9,1sr9A01,3.20.20.70
482,1sr9,1sr9A02,3.30.160.270
483,1sr9,1sr9B01,3.20.20.70
484,1sr9,1sr9B02,1.10.287.1400
485,1sr9,1sr9B03,1.10.1220.20
486,1sr9,1sr9B04,3.30.160.270
487,1sva,1sva100,2.60.175.10
488,1sva,1sva200,2.60.175.10
489,1sva,1sva300,2.60.175.10
490,1sva,1sva400,2.60.175.10
491,1sva,1sva500,2.60.175.10
492,1sva,1sva600,2.60.175.10
493,1t92,1t92A01,3.30.700.10
494,1t92,1t92B01,3.30.700.10
495,1t98,1t98A01,1.10.10.10
496,1t98,1t98A02,1.20.58.590
497,1t98,1t98B01,1.10.10.10
498,1t98,1t98B02,1.20.58.590
499,1tij,1tijA00,3.10.450.10
500,1tij,1tijB00,3.10.450.10
501,1tq9,1tq9A00,3.10.130.10
502,1tq9,1tq9B00,3.10.130.10
503,1tuw,1tuwA00,3.30.70.1090
504,1u0r,1u0rA01,3.40.50.10330
505,1u0r,1u0rA02,2.60.200.30
506,1u0r,1u0rB01,3.40.50.10330
507,1u0r,1u0rB02,2.60.200.30
508,1u0r,1u0rC01,3.40.50.10330
509,1u0r,1u0rC02,2.60.200.30
510,1u0r,1u0rD01,3.40.50.10330
511,1u0r,1u0rD02,2.60.200.30
512,1u0t,1u0tA01,3.40.50.10330
513,1u0t,1u0tA02,2.60.200.30
514,1u0t,1u0tB01,3.40.50.10330
515,1u0t,1u0tB02,2.60.200.30
516,1u4n,1u4nA00,3.40.50.1820
517,1u7h,1u7hA01,3.30.1780.10
518,1u7h,1u7hA02,3.40.50.720
519,1u7h,1u7hB01,3.30.1780.10
520,1u7h,1u7hB02,3.40.50.720
521,1ukm,1ukmA00,3.10.100.10
522,1ukm,1ukmB00,3.10.100.10
523,1vj5,1vj5A01,3.40.50.1000
524,1vj5,1vj5A02,1.10.150.240
525,1vj5,1vj5A03,3.40.50.1820
526,1w58,1w58101,3.40.50.1440
527,1w58,1w58102,3.30.1330.20
528,1w5f,1w5fA01,3.40.50.1440
529,1w5f,1w5fA02,3.30.1330.20
530,1w5f,1w5fB01,3.40.50.1440
531,1w5f,1w5fB02,3.30.1330.20
532,1wkq,1wkqA00,3.40.140.10
533,1wkq,1wkqB00,3.40.140.10
534,1wwa,1wwaX00,2.60.40.10
535,1wwa,1wwaY00,2.60.40.10
536,1wwb,1wwbX00,2.60.40.10
537,1wwc,1wwcA00,2.60.40.10
538,1x0g,1x0gA00,2.60.300.12
539,1x0g,1x0gB01,2.60.300.12
540,1x0g,1x0gC00,2.60.300.12
541,1x0g,1x0gD01,2.60.300.12
542,1x2w,1x2wA00,3.10.100.10
543,1x2w,1x2wB00,3.10.100.10
544,1x7d,1x7dA01,3.30.1780.10
545,1x7d,1x7dA02,3.40.50.720
546,1x7d,1x7dB01,3.30.1780.10
547,1x7d,1x7dB02,3.40.50.720
548,1xcb,1xcbA01,1.10.10.10
549,1xcb,1xcbA02,3.40.50.720
550,1xcb,1xcbB01,1.10.10.10
551,1xcb,1xcbB02,3.40.50.720
552,1xcb,1xcbC01,1.10.10.10
553,1xcb,1xcbC02,3.40.50.720
554,1xcb,1xcbD01,1.10.10.10
555,1xcb,1xcbD02,3.40.50.720
556,1xcb,1xcbE01,1.10.10.10
557,1xcb,1xcbE02,3.40.50.720
558,1xcb,1xcbF01,1.10.10.10
559,1xcb,1xcbF02,3.40.50.720
560,1xcb,1xcbG01,1.10.10.10
561,1xcb,1xcbG02,3.40.50.720
562,1xiu,1xiuA00,1.10.565.10
563,1xiu,1xiuB00,1.10.565.10
564,1xml,1xmlA01,3.30.200.40
565,1xml,1xmlA02,3.30.428.10
566,1xml,1xmlB01,3.30.200.40
567,1xml,1xmlB02,3.30.428.10
568,1xmm,1xmmA01,3.30.200.40
569,1xmm,1xmmA02,3.30.428.10
570,1xmm,1xmmB01,3.30.200.40
571,1xmm,1xmmB02,3.30.2240.10
572,1xmm,1xmmB03,3.30.428.10
573,1xmm,1xmmC01,3.30.200.40
574,1xmm,1xmmC02,3.30.2240.10
575,1xmm,1xmmC03,3.30.428.10
576,1xmm,1xmmD01,3.30.200.40
577,1xmm,1xmmD02,3.30.428.10
578,1xuu,1xuuA01,3.20.20.70
579,1xuu,1xuuA02,3.90.1210.10
580,1xuz,1xuzA01,3.20.20.70
581,1xuz,1xuzA02,3.90.1210.10
582,1y50,1y50A01,3.30.1340.10
583,1y7q,1y7qA00,1.10.4020.10
584,1y7q,1y7qB00,1.10.4020.10
585,1y8n,1y8nA01,1.20.140.20
586,1y8n,1y8nA02,3.30.565.10
587,1y8n,1y8nB00,2.40.50.100
588,1y8o,1y8oA01,1.20.140.20
589,1y8o,1y8oA02,3.30.565.10
590,1y8o,1y8oB00,2.40.50.100
591,1y8p,1y8pA01,1.20.140.20
592,1y8p,1y8pA02,3.30.565.10
593,1y8p,1y8pB00,2.40.50.100
594,1y92,1y92A00,3.10.130.10
595,1y92,1y92B00,3.10.130.10
596,1y94,1y94A00,3.10.130.10
597,1y94,1y94B00,3.10.130.10
598,1yfb,1yfbA00,2.10.260.10
599,1yfb,1yfbB00,2.10.260.10
600,1ygt,1ygtA01,3.30.1140.40
601,1ysf,1ysfA00,2.10.260.10
602,1ysf,1ysfB00,2.10.260.10
603,1yvs,1yvsA00,3.10.450.30
604,1zd2,1zd2P01,3.40.50.1000
605,1zd2,1zd2P02,1.10.150.240
606,1zd2,1zd2P03,3.40.50.1820
607,1zd3,1zd3A01,3.40.50.1000
608,1zd3,1zd3A02,1.10.150.240
609,1zd3,1zd3A03,3.40.50.1820
610,1zd4,1zd4A01,3.40.50.1000
611,1zd4,1zd4A02,1.10.150.240
612,1zd4,1zd4A03,3.40.50.1820
613,1zd5,1zd5A01,3.40.50.1000
614,1zd5,1zd5A02,1.10.150.240
615,1zd5,1zd5A03,3.40.50.1820
616,1zv1,1zv1A00,1.10.8.10
617,1zv1,1zv1B00,1.10.8.10
618,1zvn,1zvnA01,2.60.40.60
619,1zvn,1zvnB01,2.60.40.60
620,1zxk,1zxkA01,2.60.40.60
621,1zxk,1zxkB01,2.60.40.60
622,2a07,2a07F00,1.10.10.10
623,2a07,2a07G00,1.10.10.10
624,2a07,2a07H00,1.10.10.10
625,2a07,2a07I00,1.10.10.10
626,2a07,2a07J00,1.10.10.10
627,2a07,2a07K00,1.10.10.10
628,2a4e,2a4eA01,2.60.40.60
629,2a4e,2a4eA02,2.60.40.60
630,2a5h,2a5hA01,6.10.140.1170
631,2a5h,2a5hA02,3.20.20.70
632,2a5h,2a5hA03,6.20.120.40
633,2a5h,2a5hB01,6.10.140.1170
634,2a5h,2a5hB02,3.20.20.70
635,2a5h,2a5hB03,6.20.120.40
636,2a5h,2a5hC01,6.10.140.1170
637,2a5h,2a5hC02,3.20.20.70
638,2a5h,2a5hC03,6.20.120.40
639,2a5h,2a5hD01,6.10.140.1170
640,2a5h,2a5hD02,3.20.20.70
641,2a5h,2a5hD03,6.20.120.40
642,2a9u,2a9uA01,1.20.58.80
643,2a9u,2a9uB00,1.20.58.80
644,2ahr,2ahrA01,3.40.50.720
645,2ahr,2ahrA02,1.10.3730.10
646,2ahr,2ahrB01,3.40.50.720
647,2ahr,2ahrB02,1.10.3730.10
648,2ahr,2ahrC01,3.40.50.720
649,2ahr,2ahrC02,1.10.3730.10
650,2ahr,2ahrD01,3.40.50.720
651,2ahr,2ahrD02,1.10.3730.10
652,2ahr,2ahrE01,3.40.50.720
653,2ahr,2ahrE02,1.10.3730.10
654,2ak7,2ak7A00,3.30.1340.10
655,2ak7,2ak7B00,3.30.1340.10
656,2amf,2amfA01,3.40.50.720
657,2amf,2amfA02,1.10.3730.10
658,2amf,2amfB01,3.40.50.720
659,2amf,2amfB02,1.10.3730.10
660,2amf,2amfC01,3.40.50.720
661,2amf,2amfC02,1.10.3730.10
662,2amf,2amfD01,3.40.50.720
663,2amf,2amfD02,1.10.3730.10
664,2amf,2amfE01,3.40.50.720
665,2amf,2amfE02,1.10.3730.10
666,2aoa,2aoaA00,3.30.505.10
667,2aoa,2aoaB00,3.30.505.10
668,2aob,2aobA00,3.30.505.10
669,2aob,2aobB00,3.30.505.10
670,2aob,2aobC00,3.30.505.10
671,2aob,2aobD00,3.30.505.10
672,2b48,2b48A00,1.10.437.10
673,2bb2,2bb2A01,2.60.20.10
674,2bb2,2bb2A02,2.60.20.10
675,2bh8,2bh8A01,2.40.50.140
676,2bh8,2bh8A02,6.20.370.20
677,2bh8,2bh8B01,2.40.50.140
678,2bh8,2bh8B02,6.20.370.20
679,2bi4,2bi4A01,3.40.50.1970
680,2bi4,2bi4A02,1.20.1090.10
681,2bi4,2bi4B01,3.40.50.1970
682,2bi4,2bi4B02,1.20.1090.10
683,2bl4,2bl4A01,3.40.50.1970
684,2bl4,2bl4A02,1.20.1090.10
685,2bl4,2bl4B01,3.40.50.1970
686,2bl4,2bl4B02,1.20.1090.10
687,2c3b,2c3bA00,2.40.100.10
688,2c3b,2c3bB00,2.40.100.10
689,2c5j,2c5jA00,1.20.58.90
690,2c5j,2c5jB00,1.20.58.90
691,2cn4,2cn4A01,3.30.1500.10
692,2cn4,2cn4B01,3.30.1500.10
693,2co3,2co3A01,2.60.40.1570
694,2co3,2co3B01,2.60.40.1570
695,2di3,2di3A01,1.10.10.10
696,2di3,2di3A02,1.20.120.530
697,2di3,2di3B01,1.10.10.10
698,2di3,2di3B02,1.20.120.530
699,2dsb,2dsbA00,3.90.79.10
700,2dsb,2dsbB00,3.90.79.10
701,2dsb,2dsbC00,3.90.79.10
702,2dsb,2dsbD00,3.90.79.10
703,2dsc,2dscA00,3.90.79.10
704,2dsc,2dscB00,3.90.79.10
705,2dsd,2dsdA00,3.90.79.10
706,2dsd,2dsdB00,3.90.79.10
707,2dwk,2dwkA00,1.20.58.900
708,2dxl,2dxlA01,3.60.21.40
709,2dxl,2dxlA02,3.30.750.180
710,2dxl,2dxlB01,3.60.21.40
711,2dxl,2dxlB02,3.30.750.180
712,2es0,2es0A00,1.10.167.10
713,2fi2,2fi2A00,1.10.4020.10
714,2fi2,2fi2B00,1.10.4020.10
715,2fpn,2fpnA01,3.30.2030.10
716,2fpn,2fpnA02,3.30.360.40
717,2fqm,2fqmA01,6.10.140.830
718,2fqm,2fqmB01,6.10.140.830
719,2fqm,2fqmC01,6.10.140.830
720,2fqm,2fqmD01,6.10.140.830
721,2fqm,2fqmE01,6.10.140.830
722,2fqm,2fqmF01,6.10.140.830
723,2fzn,2fznA01,3.20.20.220
724,2fzn,2fznA02,1.20.5.460
725,2gh8,2gh8A01,2.60.120.20
726,2gh8,2gh8B01,2.60.120.20
727,2gh8,2gh8C01,2.60.120.20
728,2gsy,2gsyA01,2.60.120.20
729,2gsy,2gsyA02,2.60.120.660
730,2gsy,2gsyB01,2.60.120.20
731,2gsy,2gsyB02,2.60.120.660
732,2gsy,2gsyC01,2.60.120.20
733,2gsy,2gsyC02,2.60.120.660
734,2gsy,2gsyD01,2.60.120.20
735,2gsy,2gsyD02,2.60.120.660
736,2gsy,2gsyE01,2.60.120.20
737,2gsy,2gsyE02,2.60.120.660
738,2gsy,2gsyF01,2.60.120.20
739,2gsy,2gsyF02,2.60.120.660
740,2gsy,2gsyG01,2.60.120.20
741,2gsy,2gsyG02,2.60.120.660
742,2gsy,2gsyH01,2.60.120.20
743,2gsy,2gsyH02,2.60.120.660
744,2gsy,2gsyI01,2.60.120.20
745,2gsy,2gsyI02,2.60.120.660
746,2gsy,2gsyJ01,2.60.120.20
747,2gsy,2gsyJ02,2.60.120.660
748,2gsy,2gsyK01,2.60.120.20
749,2gsy,2gsyK02,2.60.120.660
750,2gsy,2gsyL01,2.60.120.20
751,2gsy,2gsyL02,2.60.120.660
752,2gsy,2gsyM01,2.60.120.20
753,2gsy,2gsyM02,2.60.120.660
754,2gsy,2gsyN01,2.60.120.20
755,2gsy,2gsyN02,2.60.120.660
756,2gsy,2gsyO01,2.60.120.20
757,2gsy,2gsyO02,2.60.120.660
758,2gsy,2gsyP01,2.60.120.20
759,2gsy,2gsyP02,2.60.120.660
760,2gsy,2gsyQ01,2.60.120.20
761,2gsy,2gsyQ02,2.60.120.660
762,2gsy,2gsyR01,2.60.120.20
763,2gsy,2gsyR02,2.60.120.660
764,2gsy,2gsyS01,2.60.120.20
765,2gsy,2gsyS02,2.60.120.660
766,2gsy,2gsyT01,2.60.120.20
767,2gsy,2gsyT02,2.60.120.660
768,2gty,2gtyA01,2.100.10.30
769,2gty,2gtyB01,2.100.10.30
770,2guc,2gucA01,2.100.10.30
771,2guc,2gucB01,2.100.10.30
772,2gud,2gudA01,2.100.10.30
773,2gud,2gudB01,2.100.10.30
774,2gue,2gueA01,2.100.10.30
775,2gue,2gueB01,2.100.10.30
776,2gux,2guxA01,2.100.10.30
777,2gza,2gzaA01,3.30.450.90
778,2gza,2gzaA02,3.40.50.300
779,2gza,2gzaB01,3.30.450.90
780,2gza,2gzaB02,3.40.50.300
781,2gza,2gzaC01,3.30.450.90
782,2gza,2gzaC02,3.40.50.300
783,2h46,2h46E00,3.30.505.10
784,2h5k,2h5kA00,3.30.505.10
785,2h5k,2h5kB00,3.30.505.10
786,2hax,2haxA01,2.40.50.140
787,2hax,2haxA02,6.20.370.130
788,2hax,2haxB01,2.40.50.140
789,2hax,2haxB02,6.20.370.130
790,2hj1,2hj1A00,3.10.20.280
791,2hj1,2hj1B00,3.10.20.280
792,2hkn,2hknA00,2.30.30.190
793,2hkn,2hknB00,2.30.30.190
794,2hn1,2hn1A01,3.30.460.20
795,2hn1,2hn1A02,1.20.58.340
796,2hsn,2hsnA01,3.40.30.170
797,2hsn,2hsnA02,1.20.1050.110
798,2hsn,2hsnB00,1.20.1050.10
799,2hyq,2hyqA01,2.100.10.30
800,2hyq,2hyqB01,2.100.10.30
801,2hyr,2hyrA01,2.100.10.30
802,2hyr,2hyrB01,2.100.10.30
803,2hzk,2hzkA01,3.40.190.170
804,2hzk,2hzkA02,3.40.190.10
805,2hzk,2hzkB01,3.40.190.170
806,2hzk,2hzkB02,3.40.190.10
807,2hzk,2hzkC01,3.40.190.170
808,2hzk,2hzkC02,3.40.190.10
809,2hzk,2hzkD01,3.40.190.170
810,2hzk,2hzkD02,3.40.190.10
811,2hzl,2hzlA01,3.40.190.170
812,2hzl,2hzlA02,3.40.190.10
813,2hzl,2hzlB01,3.40.190.170
814,2hzl,2hzlB02,3.40.190.10
815,2iey,2ieyA00,3.40.50.300
816,2iey,2ieyB00,3.40.50.300
817,2if0,2if0A00,3.40.50.300
818,2if0,2if0B00,3.40.50.300
819,2iv0,2iv0A00,3.40.718.10
820,2iv0,2iv0B00,3.40.718.10
821,2nlu,2nluA01,4.10.80.150
822,2nlu,2nluB00,2.30.30.140
823,2nsn,2nsnA00,1.10.533.10
824,2nu5,2nu5A01,2.100.10.30
825,2nu5,2nu5B01,2.100.10.30
826,2nuo,2nuoA01,2.100.10.30
827,2nuo,2nuoB01,2.100.10.30
828,2nz7,2nz7A00,1.10.533.10
829,2nz7,2nz7B00,1.10.533.10
830,2oct,2octA00,3.10.450.10
831,2oct,2octB00,3.10.450.10
832,2ont,2ontA01,1.10.1200.30
833,2oqr,2oqrA01,3.40.50.2300
834,2oqr,2oqrA02,6.10.250.690
835,2oqr,2oqrA03,1.10.10.10
836,2osg,2osgA01,2.30.42.10
837,2osg,2osgB01,2.30.42.10
838,2oya,2oyaA00,3.10.250.10
839,2oya,2oyaB00,3.10.250.10
840,2p1j,2p1jA01,3.30.420.10
841,2p1j,2p1jA02,1.20.5.140
842,2p1j,2p1jB01,3.30.420.10
843,2p1j,2p1jB02,1.20.5.140
844,2p67,2p67A01,1.20.5.170
845,2p67,2p67A02,3.40.50.300
846,2p67,2p67A03,1.10.287.130
847,2pa7,2pa7A00,2.60.120.10
848,2pa7,2pa7B00,2.60.120.10
849,2pae,2paeA00,2.60.120.10
850,2pae,2paeB00,2.60.120.10
851,2pah,2pahA00,1.10.800.10
852,2pah,2pahB00,1.10.800.10
853,2pak,2pakA00,2.60.120.10
854,2pak,2pakB00,2.60.120.10
855,2pam,2pamA00,2.60.120.10
856,2pam,2pamB00,2.60.120.10
857,2pjw,2pjwV00,1.20.5.1940
858,2pqm,2pqmA01,3.40.50.1100
859,2pqm,2pqmA02,3.40.50.1100
860,2pqm,2pqmB01,3.40.50.1100
861,2pqm,2pqmB02,3.40.50.1100
862,2qdn,2qdnA00,2.60.120.40
863,2qdn,2qdnB00,2.60.120.40
864,2qyp,2qypA00,1.10.225.10
865,2qyp,2qypB00,1.10.225.10
866,2rcz,2rczA01,2.30.42.10
867,2rcz,2rczB01,2.30.42.10
868,2spc,2spcA00,1.20.58.60
869,2spc,2spcB00,1.20.58.60
870,2vaj,2vajA00,2.60.40.10
871,2vty,2vtyA00,1.10.437.10
872,2w1t,2w1tA01,2.10.260.10
873,2w1t,2w1tA02,3.30.450.40
874,2w1t,2w1tB01,2.10.260.10
875,2w1t,2w1tB02,3.30.450.40
876,2z4h,2z4hA01,2.40.128.300
877,2z4h,2z4hA02,2.40.50.540
878,2z4h,2z4hB01,2.40.128.300
879,2z4h,2z4hB02,2.40.50.540
880,2z4i,2z4iA01,2.40.128.300
881,2z4i,2z4iA02,2.40.50.540
882,2z4i,2z4iB01,2.40.128.300
883,2z4i,2z4iB02,2.40.50.540
884,2z9a,2z9aA00,1.10.225.10
885,2z9a,2z9aB00,1.10.225.10
886,2zej,2zejA01,3.30.70.1390
887,2zej,2zejA02,3.40.50.300
888,2zej,2zejB01,3.30.70.1390
889,2zej,2zejB02,3.40.50.300
890,2znh,2znhA01,3.30.497.10
891,2znh,2znhA02,2.30.39.10
892,2znh,2znhA03,6.20.40.10
893,2znh,2znhB01,3.30.497.10
894,2znh,2znhB02,2.30.39.10
895,2znh,2znhB03,6.20.40.10
896,3b9i,3b9iA00,2.60.120.40
897,3b9i,3b9iB00,2.60.120.40
898,3bco,3bcoA00,3.10.130.10
899,3bco,3bcoB00,3.10.130.10
900,3bcp,3bcpA00,3.10.130.10
901,3bcp,3bcpB00,3.10.130.10
902,3bcp,3bcpC00,3.10.130.10
903,3bcp,3bcpD00,3.10.130.10
904,3bm5,3bm5A01,3.40.50.1100
905,3bm5,3bm5A02,3.40.50.1100
906,3bm5,3bm5B01,3.40.50.1100
907,3bm5,3bm5B02,3.40.50.1100
908,3cyy,3cyyA01,2.30.42.10
909,3cyy,3cyyB01,2.30.42.10
910,3d6t,3d6tB01,3.30.70.1390
911,3d6t,3d6tB02,3.40.50.300
912,3ezm,3ezmA00,2.30.60.10
913,3fig,3figA01,3.20.20.70
914,3fig,3figA02,3.30.160.270
915,3fig,3figB01,3.20.20.70
916,3fig,3figB02,1.10.287.1400
917,3fig,3figB03,1.10.1220.20
918,3fig,3figB04,3.30.160.270
919,5cro,5croA00,3.30.240.10
920,5cro,5croB00,3.30.240.10
921,5cro,5croC00,3.30.240.10
922,5cro,5croO00,3.30.240.10
923,7cat,7catA01,4.10.91.20
924,7cat,7catA02,2.40.180.10
925,7cat,7catA03,1.20.1370.60
926,7cat,7catB01,4.10.91.20
927,7cat,7catB02,2.40.180.10
928,7cat,7catB03,1.20.1370.60
